employee_id,employee_name,position_id,organisation_id,location_id,start_date,end_date,employment_status
E1001,Priya Sharma,P001,O100,L001,2022-01-10,,Active
E1002,Daniel Brown,P002,O200,L002,2021-06-15,,Active
E1003,Aisha Khan,P003,O300,L001,2020-03-02,,Active
E1004,Michael Lee,P004,O300,L003,2023-04-17,,Active
E1005,Neha Patel,P005,O400,L002,2022-09-01,,Active
E1005,Neha Patel,P005,O400,L002,2022-09-01,,Active
E1006,Thomas Green,P006,O500,L004,2024-01-08,,Active
E1007,,P007,O600,L005,2024-05-20,,Active
E1008,Sofia Martin,P008,O999,L002,2023-11-13,,Active
E1009,Arjun Mehta,P009,O100,L001,2025-02-01,2024-12-31,Active
